{
  "___settings": {
    "reloadOnSleep": 30,
    "reconnectInterval": 10000,
    "darkReloadScreen": false,
    "destroyViewsAfter": 30
  },
  "Sonos": {
    "settings": {
      "style": {
        "background-color": "rgba(60, 60, 50, 0.8)",
        "background_class": ""
      },
      "theme": "redmond",
      "sizex": "",
      "sizey": "",
      "gridSize": "",
      "useBackground": false,
      "snapType": null
    },
    "widgets": {
      "w00001": {
        "tpl": "tplHtml",
        "data": {
          "g_fixed": true,
          "g_visibility": false,
          "g_css_font_text": true,
          "g_css_background": true,
          "g_css_shadow_padding": true,
          "g_css_border": true,
          "g_gestures": false,
          "g_signals": false,
          "g_last_change": false,
          "visibility-cond": "==",
          "visibility-val": 1,
          "visibility-groups-action": "hide",
          "refreshInterval": "0",
          "signals-cond-0": "==",
          "signals-val-0": true,
          "signals-icon-0": "/vis/signals/lowbattery.png",
          "signals-icon-size-0": 0,
          "signals-blink-0": false,
          "signals-horz-0": 0,
          "signals-vert-0": 0,
          "signals-hide-edit-0": false,
          "signals-cond-1": "==",
          "signals-val-1": true,
          "signals-icon-1": "/vis/signals/lowbattery.png",
          "signals-icon-size-1": 0,
          "signals-blink-1": false,
          "signals-horz-1": 0,
          "signals-vert-1": 0,
          "signals-hide-edit-1": false,
          "signals-cond-2": "==",
          "signals-val-2": true,
          "signals-icon-2": "/vis/signals/lowbattery.png",
          "signals-icon-size-2": 0,
          "signals-blink-2": false,
          "signals-horz-2": 0,
          "signals-vert-2": 0,
          "signals-hide-edit-2": false,
          "lc-type": "last-change",
          "lc-is-interval": true,
          "lc-is-moment": false,
          "lc-format": "",
          "lc-position-vert": "top",
          "lc-position-horz": "right",
          "lc-offset-vert": 0,
          "lc-offset-horz": 0,
          "lc-font-size": "12px",
          "lc-font-family": "",
          "lc-font-style": "",
          "lc-bkg-color": "",
          "lc-color": "",
          "lc-border-width": "0",
          "lc-border-style": "",
          "lc-border-color": "",
          "lc-border-radius": 10,
          "lc-zindex": 0,
          "html": "{javascript.0.Sonos.10_10_10_10.customFavoriteListHtml}",
          "name": "SonosPlaylist",
          "class": "mSonosFavorites"
        },
        "style": {
          "left": "47px",
          "top": "58px",
          "width": "325px",
          "height": "490px",
          "overflow-y": "scroll",
          "z-index": "5",
          "font-family": "",
          "line-height": "33px",
          "background": "",
          "padding-left": "20px",
          "padding-top": "15px",
          "padding-bottom": "20px",
          "cursor": "",
          "font-size": "22px",
          "background-color": "background-color: rgba(30,30,30,0.3);",
          "border-radius": "7px",
          "color": "#ffffff",
          "overflow-x": ""
        },
        "widgetSet": "basic"
      },
      "w00002": {
        "tpl": "tplMfdSocketCtrl",
        "data": {
          "oid": "javascript.0.Sonos.10_10_10_10.customFavoriteToggleConfigVis",
          "g_fixed": true,
          "g_visibility": true,
          "g_css_font_text": false,
          "g_css_background": true,
          "g_css_shadow_padding": true,
          "g_css_border": true,
          "g_gestures": false,
          "g_signals": false,
          "g_last_change": false,
          "asButton": false,
          "lc-type": "last-change",
          "lc-is-interval": true,
          "lc-is-moment": false,
          "lc-format": "",
          "lc-position-vert": "top",
          "lc-position-horz": "right",
          "lc-offset-vert": 0,
          "lc-offset-horz": 0,
          "lc-font-size": "12px",
          "lc-font-family": "",
          "lc-font-style": "",
          "lc-bkg-color": "",
          "lc-color": "",
          "lc-border-width": "0",
          "lc-border-style": "",
          "lc-border-color": "",
          "lc-border-radius": 10,
          "lc-zindex": 0,
          "icon_off": "/vis.0/Sonos/icons/checkmark_white.png",
          "icon_on": "/vis.0/Sonos/icons/checkmark_white.png",
          "iconColor_off": "",
          "iconColor_on": "",
          "g_ccontrol": false,
          "signals-cond-0": "==",
          "signals-val-0": true,
          "signals-icon-0": "/vis.0/main/lowbattery.png",
          "signals-icon-size-0": 0,
          "signals-blink-0": false,
          "signals-horz-0": 0,
          "signals-vert-0": 0,
          "signals-hide-edit-0": false,
          "signals-cond-1": "==",
          "signals-val-1": true,
          "signals-icon-1": "/vis.0/main/lowbattery.png",
          "signals-icon-size-1": 0,
          "signals-blink-1": false,
          "signals-horz-1": 0,
          "signals-vert-1": 0,
          "signals-hide-edit-1": false,
          "signals-cond-2": "==",
          "signals-val-2": true,
          "signals-icon-2": "/vis.0/main/lowbattery.png",
          "signals-icon-size-2": 0,
          "signals-blink-2": false,
          "signals-horz-2": 0,
          "signals-vert-2": 0,
          "signals-hide-edit-2": false,
          "min": "false",
          "max": "false",
          "class": "FavConfigEditBtn",
          "invert_state": false,
          "invert_icon": false,
          "visibility-cond": "==",
          "visibility-val": "true",
          "visibility-groups-action": "hide",
          "visibility-oid": "javascript.0.Sonos.10_10_10_10.customFavoriteToggleConfigVis"
        },
        "style": {
          "left": "793px",
          "top": "68px",
          "border-width": "0px",
          "border-radius": "50%",
          "box-shadow": "",
          "background": "none",
          "width": "30px",
          "height": "30px",
          "z-index": "600"
        },
        "widgetSet": "jqui-mfd"
      },
      "w00003": {
        "tpl": "tplHtml",
        "data": {
          "g_fixed": false,
          "g_visibility": true,
          "g_css_font_text": true,
          "g_css_background": true,
          "g_css_shadow_padding": true,
          "g_css_border": true,
          "g_gestures": false,
          "g_signals": false,
          "g_last_change": false,
          "refreshInterval": "0",
          "signals-cond-0": "==",
          "signals-val-0": true,
          "signals-icon-0": "/vis/signals/lowbattery.png",
          "signals-icon-size-0": 0,
          "signals-blink-0": false,
          "signals-horz-0": 0,
          "signals-vert-0": 0,
          "signals-hide-edit-0": false,
          "signals-cond-1": "==",
          "signals-val-1": true,
          "signals-icon-1": "/vis/signals/lowbattery.png",
          "signals-icon-size-1": 0,
          "signals-blink-1": false,
          "signals-horz-1": 0,
          "signals-vert-1": 0,
          "signals-hide-edit-1": false,
          "signals-cond-2": "==",
          "signals-val-2": true,
          "signals-icon-2": "/vis/signals/lowbattery.png",
          "signals-icon-size-2": 0,
          "signals-blink-2": false,
          "signals-horz-2": 0,
          "signals-vert-2": 0,
          "signals-hide-edit-2": false,
          "lc-type": "last-change",
          "lc-is-interval": true,
          "lc-is-moment": false,
          "lc-format": "",
          "lc-position-vert": "top",
          "lc-position-horz": "right",
          "lc-offset-vert": 0,
          "lc-offset-horz": 0,
          "lc-font-size": "12px",
          "lc-font-family": "",
          "lc-font-style": "",
          "lc-bkg-color": "",
          "lc-color": "",
          "lc-border-width": "0",
          "lc-border-style": "",
          "lc-border-color": "",
          "lc-border-radius": 10,
          "lc-zindex": 0,
          "html": "<span style='font-weight:bold'>Favoriten hinzufügen/entfernen:</span>\n<br>\n<span style='font-size:80%'>\n  <span style='font-weight:bold; color:#ffd71a'>gelb</span>: bereits auf Favoriten-Liste. Durch Auswahl entfernen.\n  <br><span style='font-weight:bold; color:#dbdbdb'>grau</span>: nicht auf Favoriten-Liste. Durch Auswahl hinzufügen.\n</span>",
          "visibility-cond": "==",
          "visibility-val": "true",
          "visibility-groups-action": "hide",
          "visibility-oid": "javascript.0.Sonos.10_10_10_10.customFavoriteToggleConfigVis"
        },
        "style": {
          "left": "413px",
          "top": "59px",
          "background-color": "background-color: rgba(30,30,30,0.6);",
          "border-radius": "7px",
          "z-index": "520",
          "width": "400px",
          "height": "114px",
          "font-family": "RobotoCondensed-Regular",
          "font-size": "18px",
          "padding-left": "20px",
          "padding-top": "10px"
        },
        "widgetSet": "basic"
      },
      "w00004": {
        "tpl": "tplHtml",
        "data": {
          "g_fixed": false,
          "g_visibility": true,
          "g_css_font_text": false,
          "g_css_background": true,
          "g_css_shadow_padding": false,
          "g_css_border": true,
          "g_gestures": false,
          "g_signals": false,
          "g_last_change": false,
          "refreshInterval": "0",
          "signals-cond-0": "==",
          "signals-val-0": true,
          "signals-icon-0": "/vis/signals/lowbattery.png",
          "signals-icon-size-0": 0,
          "signals-blink-0": false,
          "signals-horz-0": 0,
          "signals-vert-0": 0,
          "signals-hide-edit-0": false,
          "signals-cond-1": "==",
          "signals-val-1": true,
          "signals-icon-1": "/vis/signals/lowbattery.png",
          "signals-icon-size-1": 0,
          "signals-blink-1": false,
          "signals-horz-1": 0,
          "signals-vert-1": 0,
          "signals-hide-edit-1": false,
          "signals-cond-2": "==",
          "signals-val-2": true,
          "signals-icon-2": "/vis/signals/lowbattery.png",
          "signals-icon-size-2": 0,
          "signals-blink-2": false,
          "signals-horz-2": 0,
          "signals-vert-2": 0,
          "signals-hide-edit-2": false,
          "lc-type": "last-change",
          "lc-is-interval": true,
          "lc-is-moment": false,
          "lc-format": "",
          "lc-position-vert": "top",
          "lc-position-horz": "right",
          "lc-offset-vert": 0,
          "lc-offset-horz": 0,
          "lc-font-size": "12px",
          "lc-font-family": "",
          "lc-font-style": "",
          "lc-bkg-color": "",
          "lc-color": "",
          "lc-border-width": "0",
          "lc-border-style": "",
          "lc-border-color": "",
          "lc-border-radius": 10,
          "lc-zindex": 0,
          "visibility-cond": "==",
          "visibility-val": "true",
          "visibility-groups-action": "hide",
          "visibility-oid": "javascript.0.Sonos.10_10_10_10.customFavoriteToggleConfigVis"
        },
        "style": {
          "left": "413px",
          "top": "59px",
          "background-color": "background-color: rgba(30,30,30,0.8);",
          "border-radius": "7px",
          "z-index": "500",
          "width": "420px",
          "height": "524px"
        },
        "widgetSet": "basic"
      },
      "w00005": {
        "tpl": "tplHtml",
        "data": {
          "g_fixed": true,
          "g_visibility": true,
          "g_css_font_text": true,
          "g_css_background": true,
          "g_css_shadow_padding": false,
          "g_css_border": false,
          "g_gestures": false,
          "g_signals": false,
          "g_last_change": false,
          "refreshInterval": "0",
          "signals-cond-0": "==",
          "signals-val-0": true,
          "signals-icon-0": "/vis/signals/lowbattery.png",
          "signals-icon-size-0": 0,
          "signals-blink-0": false,
          "signals-horz-0": 0,
          "signals-vert-0": 0,
          "signals-hide-edit-0": false,
          "signals-cond-1": "==",
          "signals-val-1": true,
          "signals-icon-1": "/vis/signals/lowbattery.png",
          "signals-icon-size-1": 0,
          "signals-blink-1": false,
          "signals-horz-1": 0,
          "signals-vert-1": 0,
          "signals-hide-edit-1": false,
          "signals-cond-2": "==",
          "signals-val-2": true,
          "signals-icon-2": "/vis/signals/lowbattery.png",
          "signals-icon-size-2": 0,
          "signals-blink-2": false,
          "signals-horz-2": 0,
          "signals-vert-2": 0,
          "signals-hide-edit-2": false,
          "lc-type": "last-change",
          "lc-is-interval": true,
          "lc-is-moment": false,
          "lc-format": "",
          "lc-position-vert": "top",
          "lc-position-horz": "right",
          "lc-offset-vert": 0,
          "lc-offset-horz": 0,
          "lc-font-size": "12px",
          "lc-font-family": "",
          "lc-font-style": "",
          "lc-bkg-color": "",
          "lc-color": "",
          "lc-border-width": "0",
          "lc-border-style": "",
          "lc-border-color": "",
          "lc-border-radius": 10,
          "lc-zindex": 0,
          "html": "{javascript.0.Sonos.10_10_10_10.customFavoriteConfigHtml}",
          "name": "SonosPlaylistConfig",
          "class": "mSonosFavoritesConfig",
          "visibility-cond": "==",
          "visibility-val": "true",
          "visibility-groups-action": "hide",
          "visibility-oid": "javascript.0.Sonos.10_10_10_10.customFavoriteToggleConfigVis"
        },
        "style": {
          "left": "431px",
          "top": "152px",
          "width": "394px",
          "height": "420px",
          "overflow-y": "auto",
          "z-index": "520",
          "font-family": "RobotoCondensed-Regular",
          "line-height": "25px",
          "background": "",
          "cursor": "",
          "font-size": "18px",
          "background-color": "",
          "color": "#ffffff",
          "overflow-x": ""
        },
        "widgetSet": "basic"
      },
      "w00016": {
        "tpl": "tplValueString",
        "data": {
          "oid": "sonos.0.root.10_10_10_10.current_duration_s",
          "g_fixed": false,
          "g_visibility": true,
          "g_css_font_text": true,
          "g_css_background": false,
          "g_css_shadow_padding": false,
          "g_css_border": false,
          "g_gestures": false,
          "g_signals": false,
          "g_last_change": false,
          "signals-cond-0": "==",
          "signals-val-0": true,
          "signals-icon-0": "/vis/signals/lowbattery.png",
          "signals-icon-size-0": 0,
          "signals-blink-0": false,
          "signals-horz-0": 0,
          "signals-vert-0": 0,
          "signals-hide-edit-0": false,
          "signals-cond-1": "==",
          "signals-val-1": true,
          "signals-icon-1": "/vis/signals/lowbattery.png",
          "signals-icon-size-1": 0,
          "signals-blink-1": false,
          "signals-horz-1": 0,
          "signals-vert-1": 0,
          "signals-hide-edit-1": false,
          "signals-cond-2": "==",
          "signals-val-2": true,
          "signals-icon-2": "/vis/signals/lowbattery.png",
          "signals-icon-size-2": 0,
          "signals-blink-2": false,
          "signals-horz-2": 0,
          "signals-vert-2": 0,
          "signals-hide-edit-2": false,
          "lc-type": "last-change",
          "lc-is-interval": true,
          "lc-is-moment": false,
          "lc-format": "",
          "lc-position-vert": "top",
          "lc-position-horz": "right",
          "lc-offset-vert": 0,
          "lc-offset-horz": 0,
          "lc-font-size": "12px",
          "lc-font-family": "",
          "lc-font-style": "",
          "lc-bkg-color": "",
          "lc-color": "",
          "lc-border-width": "0",
          "lc-border-style": "",
          "lc-border-color": "",
          "lc-border-radius": 10,
          "lc-zindex": 0,
          "html_prepend": "",
          "visibility-cond": "!=",
          "visibility-val": "",
          "visibility-groups-action": "hide",
          "visibility-oid": "sonos.0.root.10_10_10_10.current_album"
        },
        "style": {
          "left": "777.984375px",
          "top": "326px",
          "width": "36px",
          "height": "13px",
          "color": "#ffffff",
          "z-index": "50",
          "font-size": "14px",
          "text-align": "center",
          "font-family": "RobotoCondensed-Light",
          "font-weight": "normal"
        },
        "widgetSet": "basic"
      },
      "w00017": {
        "tpl": "tplValueFloatBar",
        "data": {
          "oid": "sonos.0.root.10_10_10_10.current_elapsed",
          "g_fixed": false,
          "g_visibility": true,
          "g_css_font_text": false,
          "g_css_background": true,
          "g_css_shadow_padding": false,
          "g_css_border": true,
          "g_gestures": false,
          "g_signals": false,
          "g_last_change": false,
          "min": "0",
          "max": "{sonos.0.root.10_10_10_10.current_duration}",
          "orientation": "horizontal",
          "color": "#ffd71a",
          "signals-cond-0": "==",
          "signals-val-0": true,
          "signals-icon-0": "/vis/signals/lowbattery.png",
          "signals-icon-size-0": 0,
          "signals-blink-0": false,
          "signals-horz-0": 0,
          "signals-vert-0": 0,
          "signals-hide-edit-0": false,
          "signals-cond-1": "==",
          "signals-val-1": true,
          "signals-icon-1": "/vis/signals/lowbattery.png",
          "signals-icon-size-1": 0,
          "signals-blink-1": false,
          "signals-horz-1": 0,
          "signals-vert-1": 0,
          "signals-hide-edit-1": false,
          "signals-cond-2": "==",
          "signals-val-2": true,
          "signals-icon-2": "/vis/signals/lowbattery.png",
          "signals-icon-size-2": 0,
          "signals-blink-2": false,
          "signals-horz-2": 0,
          "signals-vert-2": 0,
          "signals-hide-edit-2": false,
          "lc-type": "last-change",
          "lc-is-interval": true,
          "lc-is-moment": false,
          "lc-format": "",
          "lc-position-vert": "top",
          "lc-position-horz": "right",
          "lc-offset-vert": 0,
          "lc-offset-horz": 0,
          "lc-font-size": "12px",
          "lc-font-family": "",
          "lc-font-style": "",
          "lc-bkg-color": "",
          "lc-color": "",
          "lc-border-width": "0",
          "lc-border-style": "",
          "lc-border-color": "",
          "lc-border-radius": 10,
          "lc-zindex": 0,
          "visibility-cond": "!=",
          "visibility-val": "",
          "visibility-groups-action": "hide",
          "visibility-oid": "sonos.0.root.10_10_10_10.current_album"
        },
        "style": {
          "left": "548.984375px",
          "top": "330px",
          "width": "220px",
          "height": "7px",
          "background-color": "background-color: rgba(30,0,0,0.3);",
          "border-width": "0px",
          "z-index": "50",
          "border-radius": "3px"
        },
        "widgetSet": "basic"
      },
      "w00018": {
        "tpl": "tplValueString",
        "data": {
          "oid": "sonos.0.root.10_10_10_10.favorites_set",
          "g_fixed": false,
          "g_visibility": true,
          "g_css_font_text": true,
          "g_css_background": false,
          "g_css_shadow_padding": false,
          "g_css_border": false,
          "g_gestures": false,
          "g_signals": false,
          "g_last_change": false,
          "signals-cond-0": "==",
          "signals-val-0": true,
          "signals-icon-0": "/vis/signals/lowbattery.png",
          "signals-icon-size-0": 0,
          "signals-blink-0": false,
          "signals-horz-0": 0,
          "signals-vert-0": 0,
          "signals-hide-edit-0": false,
          "signals-cond-1": "==",
          "signals-val-1": true,
          "signals-icon-1": "/vis/signals/lowbattery.png",
          "signals-icon-size-1": 0,
          "signals-blink-1": false,
          "signals-horz-1": 0,
          "signals-vert-1": 0,
          "signals-hide-edit-1": false,
          "signals-cond-2": "==",
          "signals-val-2": true,
          "signals-icon-2": "/vis/signals/lowbattery.png",
          "signals-icon-size-2": 0,
          "signals-blink-2": false,
          "signals-horz-2": 0,
          "signals-vert-2": 0,
          "signals-hide-edit-2": false,
          "lc-type": "last-change",
          "lc-is-interval": true,
          "lc-is-moment": false,
          "lc-format": "",
          "lc-position-vert": "top",
          "lc-position-horz": "right",
          "lc-offset-vert": 0,
          "lc-offset-horz": 0,
          "lc-font-size": "12px",
          "lc-font-family": "",
          "lc-font-style": "",
          "lc-bkg-color": "",
          "lc-color": "",
          "lc-border-width": "0",
          "lc-border-style": "",
          "lc-border-color": "",
          "lc-border-radius": 10,
          "lc-zindex": 0,
          "html_prepend": "",
          "html_append": "",
          "visibility-cond": "==",
          "visibility-val": "",
          "visibility-groups-action": "hide",
          "visibility-oid": "sonos.0.root.10_10_10_10.current_album"
        },
        "style": {
          "left": "395px",
          "top": "346px",
          "width": "522px",
          "height": "29px",
          "color": "#ffffff",
          "z-index": "5",
          "font-size": "24px",
          "text-align": "center",
          "font-family": "RobotoCondensed-Light",
          "font-weight": "bold",
          "text-shadow": "1px 1px 1px #494520"
        },
        "widgetSet": "basic"
      },
      "w00019": {
        "tpl": "tplValueString",
        "data": {
          "oid": "sonos.0.root.10_10_10_10.current_album",
          "g_fixed": false,
          "g_visibility": true,
          "g_css_font_text": true,
          "g_css_background": false,
          "g_css_shadow_padding": false,
          "g_css_border": false,
          "g_gestures": false,
          "g_signals": false,
          "g_last_change": false,
          "signals-cond-0": "==",
          "signals-val-0": true,
          "signals-icon-0": "/vis/signals/lowbattery.png",
          "signals-icon-size-0": 0,
          "signals-blink-0": false,
          "signals-horz-0": 0,
          "signals-vert-0": 0,
          "signals-hide-edit-0": false,
          "signals-cond-1": "==",
          "signals-val-1": true,
          "signals-icon-1": "/vis/signals/lowbattery.png",
          "signals-icon-size-1": 0,
          "signals-blink-1": false,
          "signals-horz-1": 0,
          "signals-vert-1": 0,
          "signals-hide-edit-1": false,
          "signals-cond-2": "==",
          "signals-val-2": true,
          "signals-icon-2": "/vis/signals/lowbattery.png",
          "signals-icon-size-2": 0,
          "signals-blink-2": false,
          "signals-horz-2": 0,
          "signals-vert-2": 0,
          "signals-hide-edit-2": false,
          "lc-type": "last-change",
          "lc-is-interval": true,
          "lc-is-moment": false,
          "lc-format": "",
          "lc-position-vert": "top",
          "lc-position-horz": "right",
          "lc-offset-vert": 0,
          "lc-offset-horz": 0,
          "lc-font-size": "12px",
          "lc-font-family": "",
          "lc-font-style": "",
          "lc-bkg-color": "",
          "lc-color": "",
          "lc-border-width": "0",
          "lc-border-style": "",
          "lc-border-color": "",
          "lc-border-radius": 10,
          "lc-zindex": 0,
          "html_prepend": "",
          "html_append": "",
          "visibility-cond": "!=",
          "visibility-val": "",
          "visibility-groups-action": "hide",
          "visibility-oid": "sonos.0.root.10_10_10_10.current_album"
        },
        "style": {
          "left": "395px",
          "top": "348.96875px",
          "width": "522px",
          "height": "29px",
          "color": "#ffffff",
          "z-index": "5",
          "font-size": "24px",
          "text-align": "center",
          "font-family": "",
          "font-weight": "bold",
          "text-shadow": "1px 1px 1px #494520"
        },
        "widgetSet": "basic"
      },
      "w00020": {
        "tpl": "tplValueString",
        "data": {
          "oid": "sonos.0.root.10_10_10_10.current_title",
          "g_fixed": false,
          "g_visibility": true,
          "g_css_font_text": true,
          "g_css_background": false,
          "g_css_shadow_padding": false,
          "g_css_border": false,
          "g_gestures": false,
          "g_signals": false,
          "g_last_change": false,
          "signals-cond-0": "==",
          "signals-val-0": true,
          "signals-icon-0": "/vis/signals/lowbattery.png",
          "signals-icon-size-0": 0,
          "signals-blink-0": false,
          "signals-horz-0": 0,
          "signals-vert-0": 0,
          "signals-hide-edit-0": false,
          "signals-cond-1": "==",
          "signals-val-1": true,
          "signals-icon-1": "/vis/signals/lowbattery.png",
          "signals-icon-size-1": 0,
          "signals-blink-1": false,
          "signals-horz-1": 0,
          "signals-vert-1": 0,
          "signals-hide-edit-1": false,
          "signals-cond-2": "==",
          "signals-val-2": true,
          "signals-icon-2": "/vis/signals/lowbattery.png",
          "signals-icon-size-2": 0,
          "signals-blink-2": false,
          "signals-horz-2": 0,
          "signals-vert-2": 0,
          "signals-hide-edit-2": false,
          "lc-type": "last-change",
          "lc-is-interval": true,
          "lc-is-moment": false,
          "lc-format": "",
          "lc-position-vert": "top",
          "lc-position-horz": "right",
          "lc-offset-vert": 0,
          "lc-offset-horz": 0,
          "lc-font-size": "12px",
          "lc-font-family": "",
          "lc-font-style": "",
          "lc-bkg-color": "",
          "lc-color": "",
          "lc-border-width": "0",
          "lc-border-style": "",
          "lc-border-color": "",
          "lc-border-radius": 10,
          "lc-zindex": 0,
          "html_prepend": "",
          "html_append": "",
          "visibility-cond": "!=",
          "visibility-val": "",
          "visibility-groups-action": "hide",
          "visibility-oid": "sonos.0.root.10_10_10_10.current_album"
        },
        "style": {
          "left": "395px",
          "top": "407px",
          "width": "522px",
          "height": "29px",
          "color": "#ffffff",
          "z-index": "5",
          "font-size": "24px",
          "text-align": "center",
          "font-family": "",
          "font-weight": "normal",
          "text-shadow": "1px 1px 1px #494520"
        },
        "widgetSet": "basic"
      },
      "w00026": {
        "tpl": "tplValueString",
        "data": {
          "oid": "sonos.0.root.10_10_10_10.current_artist",
          "g_fixed": false,
          "g_visibility": true,
          "g_css_font_text": true,
          "g_css_background": false,
          "g_css_shadow_padding": false,
          "g_css_border": false,
          "g_gestures": false,
          "g_signals": false,
          "g_last_change": false,
          "signals-cond-0": "==",
          "signals-val-0": true,
          "signals-icon-0": "/vis/signals/lowbattery.png",
          "signals-icon-size-0": 0,
          "signals-blink-0": false,
          "signals-horz-0": 0,
          "signals-vert-0": 0,
          "signals-hide-edit-0": false,
          "signals-cond-1": "==",
          "signals-val-1": true,
          "signals-icon-1": "/vis/signals/lowbattery.png",
          "signals-icon-size-1": 0,
          "signals-blink-1": false,
          "signals-horz-1": 0,
          "signals-vert-1": 0,
          "signals-hide-edit-1": false,
          "signals-cond-2": "==",
          "signals-val-2": true,
          "signals-icon-2": "/vis/signals/lowbattery.png",
          "signals-icon-size-2": 0,
          "signals-blink-2": false,
          "signals-horz-2": 0,
          "signals-vert-2": 0,
          "signals-hide-edit-2": false,
          "lc-type": "last-change",
          "lc-is-interval": true,
          "lc-is-moment": false,
          "lc-format": "",
          "lc-position-vert": "top",
          "lc-position-horz": "right",
          "lc-offset-vert": 0,
          "lc-offset-horz": 0,
          "lc-font-size": "12px",
          "lc-font-family": "",
          "lc-font-style": "",
          "lc-bkg-color": "",
          "lc-color": "",
          "lc-border-width": "0",
          "lc-border-style": "",
          "lc-border-color": "",
          "lc-border-radius": 10,
          "lc-zindex": 0,
          "html_prepend": "",
          "html_append": ":",
          "visibility-cond": "!=",
          "visibility-val": "",
          "visibility-groups-action": "hide",
          "visibility-oid": "sonos.0.root.10_10_10_10.current_album"
        },
        "style": {
          "left": "395px",
          "top": "381.953125px",
          "width": "522px",
          "height": "29px",
          "color": "#ffffff",
          "z-index": "5",
          "font-size": "24px",
          "text-align": "center",
          "font-family": "",
          "font-weight": "normal",
          "text-shadow": "1px 1px 1px #494520"
        },
        "widgetSet": "basic"
      },
      "w00027": {
        "tpl": "tplValueList",
        "data": {
          "oid": "",
          "g_fixed": true,
          "g_visibility": false,
          "g_css_font_text": true,
          "g_css_background": true,
          "g_css_shadow_padding": false,
          "g_css_border": true,
          "g_gestures": false,
          "g_signals": false,
          "g_last_change": false,
          "visibility-cond": "==",
          "visibility-val": 1,
          "visibility-groups-action": "hide",
          "signals-cond-0": "==",
          "signals-val-0": true,
          "signals-icon-0": "/vis/signals/lowbattery.png",
          "signals-icon-size-0": 0,
          "signals-blink-0": false,
          "signals-horz-0": 0,
          "signals-vert-0": 0,
          "signals-hide-edit-0": false,
          "signals-cond-1": "==",
          "signals-val-1": true,
          "signals-icon-1": "/vis/signals/lowbattery.png",
          "signals-icon-size-1": 0,
          "signals-blink-1": false,
          "signals-horz-1": 0,
          "signals-vert-1": 0,
          "signals-hide-edit-1": false,
          "signals-cond-2": "==",
          "signals-val-2": true,
          "signals-icon-2": "/vis/signals/lowbattery.png",
          "signals-icon-size-2": 0,
          "signals-blink-2": false,
          "signals-horz-2": 0,
          "signals-vert-2": 0,
          "signals-hide-edit-2": false,
          "lc-type": "last-change",
          "lc-is-interval": true,
          "lc-is-moment": false,
          "lc-format": "",
          "lc-position-vert": "top",
          "lc-position-horz": "right",
          "lc-offset-vert": 0,
          "lc-offset-horz": 0,
          "lc-font-size": "12px",
          "lc-font-family": "",
          "lc-font-style": "",
          "lc-bkg-color": "",
          "lc-color": "",
          "lc-border-width": "0",
          "lc-border-style": "",
          "lc-border-color": "",
          "lc-border-radius": 10,
          "lc-zindex": 0,
          "html_prepend": "",
          "name": "",
          "class": ""
        },
        "style": {
          "left": "549px",
          "top": "98px",
          "color": "#FFFFFF",
          "width": "220px",
          "height": "220px",
          "font-weight": "lighter",
          "font-size": "20px",
          "z-index": "1",
          "font-family": "",
          "text-align": "center",
          "background-color": "background-color: rgba(30,0,0,0.3);",
          "border-radius": "7px"
        },
        "widgetSet": "basic"
      },
      "w00028": {
        "tpl": "tplValueStringImg",
        "data": {
          "oid": "sonos.0.root.10_10_10_10.current_cover",
          "g_fixed": false,
          "g_visibility": false,
          "g_css_font_text": false,
          "g_css_background": false,
          "g_css_shadow_padding": false,
          "g_css_border": true,
          "g_gestures": false,
          "g_signals": false,
          "g_last_change": false,
          "refreshInterval": "2000",
          "signals-cond-0": "==",
          "signals-val-0": true,
          "signals-icon-0": "/vis/signals/lowbattery.png",
          "signals-icon-size-0": 0,
          "signals-blink-0": false,
          "signals-horz-0": 0,
          "signals-vert-0": 0,
          "signals-hide-edit-0": false,
          "signals-cond-1": "==",
          "signals-val-1": true,
          "signals-icon-1": "/vis/signals/lowbattery.png",
          "signals-icon-size-1": 0,
          "signals-blink-1": false,
          "signals-horz-1": 0,
          "signals-vert-1": 0,
          "signals-hide-edit-1": false,
          "signals-cond-2": "==",
          "signals-val-2": true,
          "signals-icon-2": "/vis/signals/lowbattery.png",
          "signals-icon-size-2": 0,
          "signals-blink-2": false,
          "signals-horz-2": 0,
          "signals-vert-2": 0,
          "signals-hide-edit-2": false,
          "lc-type": "last-change",
          "lc-is-interval": true,
          "lc-is-moment": false,
          "lc-format": "",
          "lc-position-vert": "top",
          "lc-position-horz": "right",
          "lc-offset-vert": 0,
          "lc-offset-horz": 0,
          "lc-font-size": "12px",
          "lc-font-family": "",
          "lc-font-style": "",
          "lc-bkg-color": "",
          "lc-color": "",
          "lc-border-width": "0",
          "lc-border-style": "",
          "lc-border-color": "",
          "lc-border-radius": 10,
          "lc-zindex": 0,
          "src": "",
          "visibility-cond": "==",
          "visibility-val": 1,
          "visibility-groups-action": "hide"
        },
        "style": {
          "left": "559px",
          "top": "108px",
          "width": "200px",
          "height": "200px",
          "z-index": "45",
          "border-radius": "5px"
        },
        "widgetSet": "basic"
      },
      "w00006": {
        "tpl": "tplHqButton",
        "data": {
          "oid": "sonos.0.root.10_10_10_10.repeat",
          "min": "false",
          "max": "true",
          "iconName": "/vis.0/Sonos/icons/repeat_white.png",
          "btIconWidth": "25",
          "offsetAuto": false,
          "leftOffset": "19",
          "topOffset": "18",
          "caption": "",
          "captionOn": "",
          "iconOn": "/vis.0/Sonos/icons/repeat_yellow.png",
          "pushButton": false,
          "usejQueryStyle": false,
          "g_visibility": false,
          "styleActive": "hq-button-no-background",
          "styleNormal": "hq-button-no-background",
          "changeEffect": "",
          "testActive": false,
          "g_css_shadow_padding": true,
          "g_signals": false,
          "signals-cond-0": "==",
          "signals-val-0": true,
          "signals-icon-0": "/vis/signals/lowbattery.png",
          "signals-icon-size-0": 0,
          "signals-blink-0": false,
          "signals-horz-0": 0,
          "signals-vert-0": 0,
          "signals-hide-edit-0": false,
          "signals-cond-1": "==",
          "signals-val-1": true,
          "signals-icon-1": "/vis/signals/lowbattery.png",
          "signals-icon-size-1": 0,
          "signals-blink-1": false,
          "signals-horz-1": 0,
          "signals-vert-1": 0,
          "signals-hide-edit-1": false,
          "signals-cond-2": "==",
          "signals-val-2": true,
          "signals-icon-2": "/vis/signals/lowbattery.png",
          "signals-icon-size-2": 0,
          "signals-blink-2": false,
          "signals-horz-2": 0,
          "signals-vert-2": 0,
          "signals-hide-edit-2": false,
          "g_last_change": false,
          "lc-type": "last-change",
          "lc-is-interval": true,
          "lc-is-moment": false,
          "lc-format": "",
          "lc-position-vert": "top",
          "lc-position-horz": "right",
          "lc-offset-vert": 0,
          "lc-offset-horz": 0,
          "lc-font-size": "12px",
          "lc-font-family": "",
          "lc-font-style": "",
          "lc-bkg-color": "",
          "lc-color": "",
          "lc-border-width": "0",
          "lc-border-style": "",
          "lc-border-color": "",
          "lc-border-radius": 10,
          "lc-zindex": 0,
          "g_gestures": false,
          "g_ccontrol": false,
          "g_leftRight": true,
          "g_css_font_text": false,
          "g_css_border": false,
          "g_fixed": false,
          "timeAsInterval": true,
          "infoLeftFontSize": "12",
          "infoFontRightSize": "12",
          "infoLeftPaddingLeft": "15",
          "infoLeftPaddingRight": "50",
          "infoRightPaddingRight": "15",
          "descriptionLeft": "pause",
          "descriptionLeftDisabled": true,
          "visibility-cond": "==",
          "visibility-val": 1,
          "visibility-groups-action": "hide"
        },
        "style": {
          "left": "723.984375px",
          "top": "459.875px",
          "width": "40px",
          "height": "40px",
          "z-index": "50",
          "background-color": "",
          "opacity": "",
          "background": "",
          "box-shadow": ""
        },
        "widgetSet": "hqwidgets"
      },
      "w00007": {
        "tpl": "tplHqButton",
        "data": {
          "oid": "sonos.0.root.10_10_10_10.shuffle",
          "min": "false",
          "max": "true",
          "iconName": "/vis.0/Sonos/icons/shuffle_white.png",
          "btIconWidth": "24",
          "offsetAuto": false,
          "leftOffset": "23",
          "topOffset": "22",
          "caption": "",
          "captionOn": "",
          "iconOn": "/vis.0/Sonos/icons/shuffle_yellow.png",
          "pushButton": false,
          "usejQueryStyle": false,
          "g_visibility": false,
          "styleActive": "hq-button-no-background",
          "styleNormal": "hq-button-no-background",
          "changeEffect": "",
          "testActive": false,
          "g_css_shadow_padding": true,
          "g_signals": false,
          "signals-cond-0": "==",
          "signals-val-0": true,
          "signals-icon-0": "/vis/signals/lowbattery.png",
          "signals-icon-size-0": 0,
          "signals-blink-0": false,
          "signals-horz-0": 0,
          "signals-vert-0": 0,
          "signals-hide-edit-0": false,
          "signals-cond-1": "==",
          "signals-val-1": true,
          "signals-icon-1": "/vis/signals/lowbattery.png",
          "signals-icon-size-1": 0,
          "signals-blink-1": false,
          "signals-horz-1": 0,
          "signals-vert-1": 0,
          "signals-hide-edit-1": false,
          "signals-cond-2": "==",
          "signals-val-2": true,
          "signals-icon-2": "/vis/signals/lowbattery.png",
          "signals-icon-size-2": 0,
          "signals-blink-2": false,
          "signals-horz-2": 0,
          "signals-vert-2": 0,
          "signals-hide-edit-2": false,
          "g_last_change": false,
          "lc-type": "last-change",
          "lc-is-interval": true,
          "lc-is-moment": false,
          "lc-format": "",
          "lc-position-vert": "top",
          "lc-position-horz": "right",
          "lc-offset-vert": 0,
          "lc-offset-horz": 0,
          "lc-font-size": "12px",
          "lc-font-family": "",
          "lc-font-style": "",
          "lc-bkg-color": "",
          "lc-color": "",
          "lc-border-width": "0",
          "lc-border-style": "",
          "lc-border-color": "",
          "lc-border-radius": 10,
          "lc-zindex": 0,
          "g_gestures": false,
          "g_ccontrol": false,
          "g_leftRight": true,
          "g_css_font_text": false,
          "g_css_border": false,
          "g_fixed": false,
          "timeAsInterval": true,
          "infoLeftFontSize": "12",
          "infoFontRightSize": "12",
          "infoLeftPaddingLeft": "15",
          "infoLeftPaddingRight": "50",
          "infoRightPaddingRight": "15",
          "descriptionLeft": "pause",
          "descriptionLeftDisabled": true,
          "visibility-cond": "==",
          "visibility-val": 1,
          "visibility-groups-action": "hide"
        },
        "style": {
          "left": "681.96875px",
          "top": "459.875px",
          "width": "40px",
          "height": "40px",
          "z-index": "50",
          "background-color": "",
          "opacity": "",
          "background": "",
          "box-shadow": ""
        },
        "widgetSet": "hqwidgets"
      },
      "w00008": {
        "tpl": "tplValueList",
        "data": {
          "oid": "",
          "g_fixed": true,
          "g_visibility": false,
          "g_css_font_text": true,
          "g_css_background": true,
          "g_css_shadow_padding": false,
          "g_css_border": true,
          "g_gestures": false,
          "g_signals": false,
          "g_last_change": false,
          "visibility-cond": "==",
          "visibility-val": 1,
          "visibility-groups-action": "hide",
          "signals-cond-0": "==",
          "signals-val-0": true,
          "signals-icon-0": "/vis/signals/lowbattery.png",
          "signals-icon-size-0": 0,
          "signals-blink-0": false,
          "signals-horz-0": 0,
          "signals-vert-0": 0,
          "signals-hide-edit-0": false,
          "signals-cond-1": "==",
          "signals-val-1": true,
          "signals-icon-1": "/vis/signals/lowbattery.png",
          "signals-icon-size-1": 0,
          "signals-blink-1": false,
          "signals-horz-1": 0,
          "signals-vert-1": 0,
          "signals-hide-edit-1": false,
          "signals-cond-2": "==",
          "signals-val-2": true,
          "signals-icon-2": "/vis/signals/lowbattery.png",
          "signals-icon-size-2": 0,
          "signals-blink-2": false,
          "signals-horz-2": 0,
          "signals-vert-2": 0,
          "signals-hide-edit-2": false,
          "lc-type": "last-change",
          "lc-is-interval": true,
          "lc-is-moment": false,
          "lc-format": "",
          "lc-position-vert": "top",
          "lc-position-horz": "right",
          "lc-offset-vert": 0,
          "lc-offset-horz": 0,
          "lc-font-size": "12px",
          "lc-font-family": "",
          "lc-font-style": "",
          "lc-bkg-color": "",
          "lc-color": "",
          "lc-border-width": "0",
          "lc-border-style": "",
          "lc-border-color": "",
          "lc-border-radius": 10,
          "lc-zindex": 0,
          "html_prepend": "",
          "name": "",
          "class": ""
        },
        "style": {
          "left": "545.015625px",
          "top": "455.96875px",
          "color": "#FFFFFF",
          "width": "228px",
          "height": "48px",
          "font-weight": "lighter",
          "font-size": "20px",
          "z-index": "1",
          "font-family": "RobotoCondensed-Light",
          "text-align": "center",
          "background-color": "background-color: rgba(30,0,0,0.3);",
          "border-radius": "7px"
        },
        "widgetSet": "basic"
      },
      "w00009": {
        "tpl": "tplHqButton",
        "data": {
          "oid": "sonos.0.root.10_10_10_10.prev",
          "min": "true",
          "max": "true",
          "iconName": "/vis.0/Sonos/icons/track_back.png",
          "btIconWidth": "22",
          "offsetAuto": false,
          "leftOffset": "23",
          "topOffset": "25",
          "caption": "",
          "captionOn": "",
          "iconOn": "/vis.0/Sonos/icons/track_back.png",
          "pushButton": false,
          "usejQueryStyle": false,
          "g_visibility": false,
          "styleActive": "hq-button-no-background",
          "styleNormal": "hq-button-no-background",
          "changeEffect": "",
          "testActive": false,
          "g_css_shadow_padding": true,
          "g_signals": false,
          "signals-cond-0": "==",
          "signals-val-0": true,
          "signals-icon-0": "/vis/signals/lowbattery.png",
          "signals-icon-size-0": 0,
          "signals-blink-0": false,
          "signals-horz-0": 0,
          "signals-vert-0": 0,
          "signals-hide-edit-0": false,
          "signals-cond-1": "==",
          "signals-val-1": true,
          "signals-icon-1": "/vis/signals/lowbattery.png",
          "signals-icon-size-1": 0,
          "signals-blink-1": false,
          "signals-horz-1": 0,
          "signals-vert-1": 0,
          "signals-hide-edit-1": false,
          "signals-cond-2": "==",
          "signals-val-2": true,
          "signals-icon-2": "/vis/signals/lowbattery.png",
          "signals-icon-size-2": 0,
          "signals-blink-2": false,
          "signals-horz-2": 0,
          "signals-vert-2": 0,
          "signals-hide-edit-2": false,
          "g_last_change": false,
          "lc-type": "last-change",
          "lc-is-interval": true,
          "lc-is-moment": false,
          "lc-format": "",
          "lc-position-vert": "top",
          "lc-position-horz": "right",
          "lc-offset-vert": 0,
          "lc-offset-horz": 0,
          "lc-font-size": "12px",
          "lc-font-family": "",
          "lc-font-style": "",
          "lc-bkg-color": "",
          "lc-color": "",
          "lc-border-width": "0",
          "lc-border-style": "",
          "lc-border-color": "",
          "lc-border-radius": 10,
          "lc-zindex": 0,
          "g_gestures": false,
          "g_ccontrol": false,
          "g_leftRight": true,
          "g_css_font_text": false,
          "g_css_border": false,
          "g_fixed": false,
          "timeAsInterval": true,
          "infoLeftFontSize": "12",
          "infoFontRightSize": "12",
          "infoLeftPaddingLeft": "15",
          "infoLeftPaddingRight": "50",
          "infoRightPaddingRight": "15",
          "descriptionLeft": "Alle Alexa-Geräte auf Pause",
          "descriptionLeftDisabled": true,
          "visibility-cond": "==",
          "visibility-val": 1,
          "visibility-groups-action": "hide"
        },
        "style": {
          "left": "554.015625px",
          "top": "459.875px",
          "width": "40px",
          "height": "40px",
          "z-index": "50",
          "background-color": "",
          "opacity": "",
          "background": "",
          "box-shadow": ""
        },
        "widgetSet": "hqwidgets"
      },
      "w00010": {
        "tpl": "tplHqButton",
        "data": {
          "oid": "sonos.0.root.10_10_10_10.next",
          "min": "true",
          "max": "true",
          "iconName": "/vis.0/Sonos/icons/track_next.png",
          "btIconWidth": "22",
          "offsetAuto": false,
          "leftOffset": "23",
          "topOffset": "25",
          "caption": "",
          "captionOn": "",
          "iconOn": "/vis.0/Sonos/icons/track_next.png",
          "pushButton": false,
          "usejQueryStyle": false,
          "g_visibility": false,
          "styleActive": "hq-button-no-background",
          "styleNormal": "hq-button-no-background",
          "changeEffect": "",
          "testActive": false,
          "g_css_shadow_padding": true,
          "g_signals": false,
          "signals-cond-0": "==",
          "signals-val-0": true,
          "signals-icon-0": "/vis/signals/lowbattery.png",
          "signals-icon-size-0": 0,
          "signals-blink-0": false,
          "signals-horz-0": 0,
          "signals-vert-0": 0,
          "signals-hide-edit-0": false,
          "signals-cond-1": "==",
          "signals-val-1": true,
          "signals-icon-1": "/vis/signals/lowbattery.png",
          "signals-icon-size-1": 0,
          "signals-blink-1": false,
          "signals-horz-1": 0,
          "signals-vert-1": 0,
          "signals-hide-edit-1": false,
          "signals-cond-2": "==",
          "signals-val-2": true,
          "signals-icon-2": "/vis/signals/lowbattery.png",
          "signals-icon-size-2": 0,
          "signals-blink-2": false,
          "signals-horz-2": 0,
          "signals-vert-2": 0,
          "signals-hide-edit-2": false,
          "g_last_change": false,
          "lc-type": "last-change",
          "lc-is-interval": true,
          "lc-is-moment": false,
          "lc-format": "",
          "lc-position-vert": "top",
          "lc-position-horz": "right",
          "lc-offset-vert": 0,
          "lc-offset-horz": 0,
          "lc-font-size": "12px",
          "lc-font-family": "",
          "lc-font-style": "",
          "lc-bkg-color": "",
          "lc-color": "",
          "lc-border-width": "0",
          "lc-border-style": "",
          "lc-border-color": "",
          "lc-border-radius": 10,
          "lc-zindex": 0,
          "g_gestures": false,
          "g_ccontrol": false,
          "g_leftRight": true,
          "g_css_font_text": false,
          "g_css_border": false,
          "g_fixed": false,
          "timeAsInterval": true,
          "infoLeftFontSize": "12",
          "infoFontRightSize": "12",
          "infoLeftPaddingLeft": "15",
          "infoLeftPaddingRight": "50",
          "infoRightPaddingRight": "15",
          "descriptionLeft": "Alle Alexa-Geräte auf Pause",
          "descriptionLeftDisabled": true,
          "visibility-cond": "==",
          "visibility-val": 1,
          "visibility-groups-action": "hide"
        },
        "style": {
          "left": "639.015625px",
          "top": "459.875px",
          "width": "40px",
          "height": "40px",
          "z-index": "50",
          "background-color": "",
          "opacity": "",
          "background": "",
          "box-shadow": ""
        },
        "widgetSet": "hqwidgets"
      },
      "w00011": {
        "tpl": "tplHqButton",
        "data": {
          "oid": "sonos.0.root.10_10_10_10.pause",
          "min": "true",
          "max": "true",
          "iconName": "/vis.0/Sonos/icons/pause.png",
          "btIconWidth": "30",
          "offsetAuto": false,
          "leftOffset": "15",
          "topOffset": "15",
          "caption": "",
          "captionOn": "",
          "iconOn": "/vis.0/Sonos/icons/pause.png",
          "pushButton": false,
          "usejQueryStyle": false,
          "g_visibility": true,
          "styleActive": "hq-button-no-background",
          "styleNormal": "hq-button-no-background",
          "changeEffect": "",
          "testActive": false,
          "g_css_shadow_padding": true,
          "g_signals": false,
          "signals-cond-0": "==",
          "signals-val-0": true,
          "signals-icon-0": "/vis/signals/lowbattery.png",
          "signals-icon-size-0": 0,
          "signals-blink-0": false,
          "signals-horz-0": 0,
          "signals-vert-0": 0,
          "signals-hide-edit-0": false,
          "signals-cond-1": "==",
          "signals-val-1": true,
          "signals-icon-1": "/vis/signals/lowbattery.png",
          "signals-icon-size-1": 0,
          "signals-blink-1": false,
          "signals-horz-1": 0,
          "signals-vert-1": 0,
          "signals-hide-edit-1": false,
          "signals-cond-2": "==",
          "signals-val-2": true,
          "signals-icon-2": "/vis/signals/lowbattery.png",
          "signals-icon-size-2": 0,
          "signals-blink-2": false,
          "signals-horz-2": 0,
          "signals-vert-2": 0,
          "signals-hide-edit-2": false,
          "g_last_change": false,
          "lc-type": "last-change",
          "lc-is-interval": true,
          "lc-is-moment": false,
          "lc-format": "",
          "lc-position-vert": "top",
          "lc-position-horz": "right",
          "lc-offset-vert": 0,
          "lc-offset-horz": 0,
          "lc-font-size": "12px",
          "lc-font-family": "",
          "lc-font-style": "",
          "lc-bkg-color": "",
          "lc-color": "",
          "lc-border-width": "0",
          "lc-border-style": "",
          "lc-border-color": "",
          "lc-border-radius": 10,
          "lc-zindex": 0,
          "g_gestures": false,
          "g_ccontrol": false,
          "g_leftRight": true,
          "g_css_font_text": false,
          "g_css_border": false,
          "g_fixed": false,
          "timeAsInterval": true,
          "infoLeftFontSize": "12",
          "infoFontRightSize": "12",
          "infoLeftPaddingLeft": "15",
          "infoLeftPaddingRight": "50",
          "infoRightPaddingRight": "15",
          "descriptionLeft": "pause",
          "descriptionLeftDisabled": true,
          "visibility-cond": "==",
          "visibility-val": "true",
          "visibility-groups-action": "hide",
          "visibility-oid": "sonos.0.root.10_10_10_10.state_simple"
        },
        "style": {
          "left": "596.015625px",
          "top": "459.875px",
          "width": "40px",
          "height": "40px",
          "z-index": "50",
          "background-color": "",
          "opacity": "",
          "background": "",
          "box-shadow": ""
        },
        "widgetSet": "hqwidgets"
      },
      "w00012": {
        "tpl": "tplHqButton",
        "data": {
          "oid": "sonos.0.root.10_10_10_10.play",
          "min": "true",
          "max": "true",
          "iconName": "/vis.0/Sonos/icons/play.png",
          "btIconWidth": "34",
          "offsetAuto": false,
          "leftOffset": "5",
          "topOffset": "8",
          "caption": "",
          "captionOn": "",
          "iconOn": "/vis.0/Sonos/icons/play.png",
          "pushButton": false,
          "usejQueryStyle": false,
          "g_visibility": true,
          "styleActive": "hq-button-no-background",
          "styleNormal": "hq-button-no-background",
          "changeEffect": "",
          "testActive": false,
          "g_css_shadow_padding": true,
          "g_signals": false,
          "signals-cond-0": "==",
          "signals-val-0": true,
          "signals-icon-0": "/vis/signals/lowbattery.png",
          "signals-icon-size-0": 0,
          "signals-blink-0": false,
          "signals-horz-0": 0,
          "signals-vert-0": 0,
          "signals-hide-edit-0": false,
          "signals-cond-1": "==",
          "signals-val-1": true,
          "signals-icon-1": "/vis/signals/lowbattery.png",
          "signals-icon-size-1": 0,
          "signals-blink-1": false,
          "signals-horz-1": 0,
          "signals-vert-1": 0,
          "signals-hide-edit-1": false,
          "signals-cond-2": "==",
          "signals-val-2": true,
          "signals-icon-2": "/vis/signals/lowbattery.png",
          "signals-icon-size-2": 0,
          "signals-blink-2": false,
          "signals-horz-2": 0,
          "signals-vert-2": 0,
          "signals-hide-edit-2": false,
          "g_last_change": false,
          "lc-type": "last-change",
          "lc-is-interval": true,
          "lc-is-moment": false,
          "lc-format": "",
          "lc-position-vert": "top",
          "lc-position-horz": "right",
          "lc-offset-vert": 0,
          "lc-offset-horz": 0,
          "lc-font-size": "12px",
          "lc-font-family": "",
          "lc-font-style": "",
          "lc-bkg-color": "",
          "lc-color": "",
          "lc-border-width": "0",
          "lc-border-style": "",
          "lc-border-color": "",
          "lc-border-radius": 10,
          "lc-zindex": 0,
          "g_gestures": false,
          "g_ccontrol": false,
          "g_leftRight": true,
          "g_css_font_text": false,
          "g_css_border": false,
          "g_fixed": false,
          "timeAsInterval": true,
          "infoLeftFontSize": "12",
          "infoFontRightSize": "12",
          "infoLeftPaddingLeft": "15",
          "infoLeftPaddingRight": "50",
          "infoRightPaddingRight": "15",
          "descriptionLeft": "Alle Alexa-Geräte auf Pause",
          "descriptionLeftDisabled": true,
          "visibility-cond": "==",
          "visibility-val": "false",
          "visibility-groups-action": "hide",
          "visibility-oid": "sonos.0.root.10_10_10_10.state_simple"
        },
        "style": {
          "left": "596.015625px",
          "top": "459.875px",
          "width": "40px",
          "height": "40px",
          "z-index": "50",
          "background-color": "",
          "opacity": "",
          "background": "",
          "box-shadow": ""
        },
        "widgetSet": "hqwidgets"
      },
      "w00013": {
        "tpl": "tplIconInc",
        "data": {
          "oid": "sonos.0.root.10_10_10_10.group_volume",
          "g_fixed": true,
          "g_visibility": false,
          "g_css_font_text": false,
          "g_css_background": true,
          "g_css_shadow_padding": false,
          "g_css_border": true,
          "g_gestures": false,
          "g_signals": false,
          "g_last_change": false,
          "step": "3",
          "minmax": "80",
          "text": "",
          "repeat_delay": "800",
          "repeat_interval": "800",
          "signals-cond-0": "==",
          "signals-val-0": true,
          "signals-icon-0": "/vis.0/M3/lowbattery.png",
          "signals-icon-size-0": 0,
          "signals-blink-0": false,
          "signals-horz-0": 0,
          "signals-vert-0": 0,
          "signals-hide-edit-0": false,
          "signals-cond-1": "==",
          "signals-val-1": true,
          "signals-icon-1": "/vis.0/M3/lowbattery.png",
          "signals-icon-size-1": 0,
          "signals-blink-1": false,
          "signals-horz-1": 0,
          "signals-vert-1": 0,
          "signals-hide-edit-1": false,
          "signals-cond-2": "==",
          "signals-val-2": true,
          "signals-icon-2": "/vis.0/M3/lowbattery.png",
          "signals-icon-size-2": 0,
          "signals-blink-2": false,
          "signals-horz-2": 0,
          "signals-vert-2": 0,
          "signals-hide-edit-2": false,
          "lc-type": "last-change",
          "lc-is-interval": true,
          "lc-is-moment": false,
          "lc-format": "",
          "lc-position-vert": "top",
          "lc-position-horz": "right",
          "lc-offset-vert": 0,
          "lc-offset-horz": 0,
          "lc-font-size": "12px",
          "lc-font-family": "",
          "lc-font-style": "",
          "lc-bkg-color": "",
          "lc-color": "",
          "lc-border-width": "0",
          "lc-border-style": "",
          "lc-border-color": "",
          "lc-border-radius": 10,
          "lc-zindex": 0,
          "src": "/vis.0/Sonos/icons/volume-up-white.png",
          "invert_icon": false,
          "imageHeight": "55",
          "class": "iconSonosVolume",
          "name": "",
          "visibility-cond": "==",
          "visibility-val": 1,
          "visibility-groups-action": "hide"
        },
        "style": {
          "left": "740px",
          "top": "521px",
          "z-index": "32",
          "width": "40px",
          "height": "40px",
          "background": "none",
          "border-width": "0px",
          "border-radius": "",
          "background-color": "transparent"
        },
        "widgetSet": "jqui"
      },
      "w00014": {
        "tpl": "tplIconInc",
        "data": {
          "oid": "sonos.0.root.10_10_10_10.group_volume",
          "g_fixed": true,
          "g_visibility": false,
          "g_css_font_text": false,
          "g_css_background": true,
          "g_css_shadow_padding": false,
          "g_css_border": true,
          "g_gestures": false,
          "g_signals": false,
          "g_last_change": false,
          "step": "-3",
          "minmax": "3",
          "text": "",
          "repeat_delay": "800",
          "repeat_interval": "800",
          "signals-cond-0": "==",
          "signals-val-0": true,
          "signals-icon-0": "/vis.0/M3/lowbattery.png",
          "signals-icon-size-0": 0,
          "signals-blink-0": false,
          "signals-horz-0": 0,
          "signals-vert-0": 0,
          "signals-hide-edit-0": false,
          "signals-cond-1": "==",
          "signals-val-1": true,
          "signals-icon-1": "/vis.0/M3/lowbattery.png",
          "signals-icon-size-1": 0,
          "signals-blink-1": false,
          "signals-horz-1": 0,
          "signals-vert-1": 0,
          "signals-hide-edit-1": false,
          "signals-cond-2": "==",
          "signals-val-2": true,
          "signals-icon-2": "/vis.0/M3/lowbattery.png",
          "signals-icon-size-2": 0,
          "signals-blink-2": false,
          "signals-horz-2": 0,
          "signals-vert-2": 0,
          "signals-hide-edit-2": false,
          "lc-type": "last-change",
          "lc-is-interval": true,
          "lc-is-moment": false,
          "lc-format": "",
          "lc-position-vert": "top",
          "lc-position-horz": "right",
          "lc-offset-vert": 0,
          "lc-offset-horz": 0,
          "lc-font-size": "12px",
          "lc-font-family": "",
          "lc-font-style": "",
          "lc-bkg-color": "",
          "lc-color": "",
          "lc-border-width": "0",
          "lc-border-style": "",
          "lc-border-color": "",
          "lc-border-radius": 10,
          "lc-zindex": 0,
          "src": "/vis.0/Sonos/icons/volume-down-white.png",
          "invert_icon": false,
          "imageHeight": "55",
          "class": "iconSonosVolume",
          "name": "",
          "visibility-cond": "==",
          "visibility-val": 1,
          "visibility-groups-action": "hide"
        },
        "style": {
          "left": "505px",
          "top": "521px",
          "z-index": "30",
          "width": "40px",
          "height": "40px",
          "background": "none",
          "border-width": "0px",
          "border-radius": "",
          "background-color": "transparent"
        },
        "widgetSet": "jqui"
      },
      "w00015": {
        "tpl": "tplValueFloat",
        "data": {
          "oid": "sonos.0.root.10_10_10_10.group_volume",
          "g_fixed": false,
          "g_visibility": false,
          "g_css_font_text": true,
          "g_css_background": false,
          "g_css_shadow_padding": false,
          "g_css_border": false,
          "g_gestures": false,
          "g_signals": false,
          "g_last_change": false,
          "is_comma": "true",
          "factor": "1",
          "signals-cond-0": "==",
          "signals-val-0": true,
          "signals-icon-0": "/vis/signals/lowbattery.png",
          "signals-icon-size-0": 0,
          "signals-blink-0": false,
          "signals-horz-0": 0,
          "signals-vert-0": 0,
          "signals-hide-edit-0": false,
          "signals-cond-1": "==",
          "signals-val-1": true,
          "signals-icon-1": "/vis/signals/lowbattery.png",
          "signals-icon-size-1": 0,
          "signals-blink-1": false,
          "signals-horz-1": 0,
          "signals-vert-1": 0,
          "signals-hide-edit-1": false,
          "signals-cond-2": "==",
          "signals-val-2": true,
          "signals-icon-2": "/vis/signals/lowbattery.png",
          "signals-icon-size-2": 0,
          "signals-blink-2": false,
          "signals-horz-2": 0,
          "signals-vert-2": 0,
          "signals-hide-edit-2": false,
          "lc-type": "last-change",
          "lc-is-interval": true,
          "lc-is-moment": false,
          "lc-format": "",
          "lc-position-vert": "top",
          "lc-position-horz": "right",
          "lc-offset-vert": 0,
          "lc-offset-horz": 0,
          "lc-font-size": "12px",
          "lc-font-family": "",
          "lc-font-style": "",
          "lc-bkg-color": "",
          "lc-color": "",
          "lc-border-width": "0",
          "lc-border-style": "",
          "lc-border-color": "",
          "lc-border-radius": 10,
          "lc-zindex": 0,
          "html_append_singular": "",
          "html_append_plural": "",
          "views": [
            "popWetterHeute",
            "pSystem"
          ],
          "name": "",
          "visibility-cond": "==",
          "visibility-val": 1,
          "visibility-groups-action": "hide"
        },
        "style": {
          "left": "787px",
          "top": "531px",
          "color": "#FFFFFF",
          "font-size": "18px",
          "width": "23px",
          "height": "20px",
          "font-weight": "normal",
          "z-index": "50",
          "text-align": "right",
          "font-family": "RobotoCondensed-Regular"
        },
        "widgetSet": "basic"
      },
      "w00021": {
        "tpl": "tplJquiSlider",
        "data": {
          "oid": "sonos.0.root.10_10_10_10.group_volume",
          "g_fixed": true,
          "g_visibility": false,
          "g_css_font_text": false,
          "g_css_background": false,
          "g_css_shadow_padding": false,
          "g_css_border": false,
          "g_gestures": false,
          "g_signals": false,
          "g_last_change": false,
          "signals-cond-0": "==",
          "signals-val-0": true,
          "signals-icon-0": "/vis/signals/lowbattery.png",
          "signals-icon-size-0": 0,
          "signals-blink-0": false,
          "signals-horz-0": 0,
          "signals-vert-0": 0,
          "signals-hide-edit-0": false,
          "signals-cond-1": "==",
          "signals-val-1": true,
          "signals-icon-1": "/vis/signals/lowbattery.png",
          "signals-icon-size-1": 0,
          "signals-blink-1": false,
          "signals-horz-1": 0,
          "signals-vert-1": 0,
          "signals-hide-edit-1": false,
          "signals-cond-2": "==",
          "signals-val-2": true,
          "signals-icon-2": "/vis/signals/lowbattery.png",
          "signals-icon-size-2": 0,
          "signals-blink-2": false,
          "signals-horz-2": 0,
          "signals-vert-2": 0,
          "signals-hide-edit-2": false,
          "lc-type": "last-change",
          "lc-is-interval": true,
          "lc-is-moment": false,
          "lc-format": "",
          "lc-position-vert": "top",
          "lc-position-horz": "right",
          "lc-offset-vert": 0,
          "lc-offset-horz": 0,
          "lc-font-size": "12px",
          "lc-font-family": "",
          "lc-font-style": "",
          "lc-bkg-color": "",
          "lc-color": "",
          "lc-border-width": "0",
          "lc-border-style": "",
          "lc-border-color": "",
          "lc-border-radius": 10,
          "lc-zindex": 0,
          "class": "mdui-slider",
          "min": "0",
          "max": "100",
          "step": "1",
          "name": "",
          "visibility-cond": "==",
          "visibility-val": 1,
          "visibility-groups-action": "hide",
          "inverted": false,
          "submitmethod": "scroll"
        },
        "style": {
          "left": "549px",
          "top": "530px",
          "width": "185px",
          "height": "23px",
          "z-index": "50"
        },
        "widgetSet": "jqui"
      },
      "w00022": {
        "tpl": "tplValueList",
        "data": {
          "oid": "",
          "g_fixed": true,
          "g_visibility": false,
          "g_css_font_text": true,
          "g_css_background": true,
          "g_css_shadow_padding": false,
          "g_css_border": true,
          "g_gestures": false,
          "g_signals": false,
          "g_last_change": false,
          "visibility-cond": "==",
          "visibility-val": 1,
          "visibility-groups-action": "hide",
          "signals-cond-0": "==",
          "signals-val-0": true,
          "signals-icon-0": "/vis/signals/lowbattery.png",
          "signals-icon-size-0": 0,
          "signals-blink-0": false,
          "signals-horz-0": 0,
          "signals-vert-0": 0,
          "signals-hide-edit-0": false,
          "signals-cond-1": "==",
          "signals-val-1": true,
          "signals-icon-1": "/vis/signals/lowbattery.png",
          "signals-icon-size-1": 0,
          "signals-blink-1": false,
          "signals-horz-1": 0,
          "signals-vert-1": 0,
          "signals-hide-edit-1": false,
          "signals-cond-2": "==",
          "signals-val-2": true,
          "signals-icon-2": "/vis/signals/lowbattery.png",
          "signals-icon-size-2": 0,
          "signals-blink-2": false,
          "signals-horz-2": 0,
          "signals-vert-2": 0,
          "signals-hide-edit-2": false,
          "lc-type": "last-change",
          "lc-is-interval": true,
          "lc-is-moment": false,
          "lc-format": "",
          "lc-position-vert": "top",
          "lc-position-horz": "right",
          "lc-offset-vert": 0,
          "lc-offset-horz": 0,
          "lc-font-size": "12px",
          "lc-font-family": "",
          "lc-font-style": "",
          "lc-bkg-color": "",
          "lc-color": "",
          "lc-border-width": "0",
          "lc-border-style": "",
          "lc-border-color": "",
          "lc-border-radius": 10,
          "lc-zindex": 0,
          "html_prepend": "",
          "name": "",
          "class": ""
        },
        "style": {
          "left": "499px",
          "top": "518px",
          "color": "#FFFFFF",
          "width": "329px",
          "height": "48px",
          "font-weight": "lighter",
          "font-size": "20px",
          "z-index": "1",
          "font-family": "RobotoCondensed-Light",
          "text-align": "center",
          "background-color": "background-color: rgba(30,0,0,0.3);",
          "border-radius": "7px"
        },
        "widgetSet": "basic"
      },
      "w00023": {
        "tpl": "tplValueList",
        "data": {
          "oid": "",
          "g_fixed": true,
          "g_visibility": false,
          "g_css_font_text": true,
          "g_css_background": true,
          "g_css_shadow_padding": false,
          "g_css_border": true,
          "g_gestures": false,
          "g_signals": false,
          "g_last_change": false,
          "visibility-cond": "==",
          "visibility-val": 1,
          "visibility-groups-action": "hide",
          "signals-cond-0": "==",
          "signals-val-0": true,
          "signals-icon-0": "/vis/signals/lowbattery.png",
          "signals-icon-size-0": 0,
          "signals-blink-0": false,
          "signals-horz-0": 0,
          "signals-vert-0": 0,
          "signals-hide-edit-0": false,
          "signals-cond-1": "==",
          "signals-val-1": true,
          "signals-icon-1": "/vis/signals/lowbattery.png",
          "signals-icon-size-1": 0,
          "signals-blink-1": false,
          "signals-horz-1": 0,
          "signals-vert-1": 0,
          "signals-hide-edit-1": false,
          "signals-cond-2": "==",
          "signals-val-2": true,
          "signals-icon-2": "/vis/signals/lowbattery.png",
          "signals-icon-size-2": 0,
          "signals-blink-2": false,
          "signals-horz-2": 0,
          "signals-vert-2": 0,
          "signals-hide-edit-2": false,
          "lc-type": "last-change",
          "lc-is-interval": true,
          "lc-is-moment": false,
          "lc-format": "",
          "lc-position-vert": "top",
          "lc-position-horz": "right",
          "lc-offset-vert": 0,
          "lc-offset-horz": 0,
          "lc-font-size": "12px",
          "lc-font-family": "",
          "lc-font-style": "",
          "lc-bkg-color": "",
          "lc-color": "",
          "lc-border-width": "0",
          "lc-border-style": "",
          "lc-border-color": "",
          "lc-border-radius": 10,
          "lc-zindex": 0,
          "html_prepend": "",
          "name": "",
          "class": ""
        },
        "style": {
          "left": "0%",
          "top": "0%",
          "color": "#FFFFFF",
          "width": "100%",
          "height": "100%",
          "font-weight": "lighter",
          "font-size": "20px",
          "z-index": "1",
          "font-family": "RobotoCondensed-Light",
          "text-align": "center",
          "background-color": "background-color: rgba(30,0,0,0.3);",
          "border-radius": "7px"
        },
        "widgetSet": "basic",
        "grouped": true
      },
      "w00024": {
        "tpl": "tplHqButton",
        "data": {
          "oid": "sonos.0.root.10_10_10_10.pause",
          "min": "true",
          "max": "true",
          "iconName": "/vis.0/Sonos/icons/pause.png",
          "btIconWidth": "30",
          "offsetAuto": false,
          "leftOffset": "15",
          "topOffset": "15",
          "caption": "",
          "captionOn": "",
          "iconOn": "/vis.0/Sonos/icons/pause.png",
          "pushButton": false,
          "usejQueryStyle": false,
          "g_visibility": true,
          "styleActive": "hq-button-no-background",
          "styleNormal": "hq-button-no-background",
          "changeEffect": "",
          "testActive": false,
          "g_css_shadow_padding": true,
          "g_signals": false,
          "signals-cond-0": "==",
          "signals-val-0": true,
          "signals-icon-0": "/vis/signals/lowbattery.png",
          "signals-icon-size-0": 0,
          "signals-blink-0": false,
          "signals-horz-0": 0,
          "signals-vert-0": 0,
          "signals-hide-edit-0": false,
          "signals-cond-1": "==",
          "signals-val-1": true,
          "signals-icon-1": "/vis/signals/lowbattery.png",
          "signals-icon-size-1": 0,
          "signals-blink-1": false,
          "signals-horz-1": 0,
          "signals-vert-1": 0,
          "signals-hide-edit-1": false,
          "signals-cond-2": "==",
          "signals-val-2": true,
          "signals-icon-2": "/vis/signals/lowbattery.png",
          "signals-icon-size-2": 0,
          "signals-blink-2": false,
          "signals-horz-2": 0,
          "signals-vert-2": 0,
          "signals-hide-edit-2": false,
          "g_last_change": false,
          "lc-type": "last-change",
          "lc-is-interval": true,
          "lc-is-moment": false,
          "lc-format": "",
          "lc-position-vert": "top",
          "lc-position-horz": "right",
          "lc-offset-vert": 0,
          "lc-offset-horz": 0,
          "lc-font-size": "12px",
          "lc-font-family": "",
          "lc-font-style": "",
          "lc-bkg-color": "",
          "lc-color": "",
          "lc-border-width": "0",
          "lc-border-style": "",
          "lc-border-color": "",
          "lc-border-radius": 10,
          "lc-zindex": 0,
          "g_gestures": false,
          "g_ccontrol": false,
          "g_leftRight": true,
          "g_css_font_text": false,
          "g_css_border": false,
          "g_fixed": false,
          "timeAsInterval": true,
          "infoLeftFontSize": "12",
          "infoFontRightSize": "12",
          "infoLeftPaddingLeft": "15",
          "infoLeftPaddingRight": "50",
          "infoRightPaddingRight": "15",
          "descriptionLeft": "pause",
          "descriptionLeftDisabled": true,
          "visibility-cond": "==",
          "visibility-val": "true",
          "visibility-groups-action": "hide",
          "visibility-oid": "sonos.0.root.10_10_10_10.state_simple"
        },
        "style": {
          "left": "15%",
          "top": "8.14%",
          "width": "66.67%",
          "height": "83.33%",
          "z-index": "50",
          "background-color": "",
          "opacity": "",
          "background": "",
          "box-shadow": ""
        },
        "widgetSet": "hqwidgets",
        "grouped": true
      },
      "w00025": {
        "tpl": "tplHqButton",
        "data": {
          "oid": "sonos.0.root.10_10_10_10.play",
          "min": "true",
          "max": "true",
          "iconName": "/vis.0/Sonos/icons/play.png",
          "btIconWidth": "34",
          "offsetAuto": false,
          "leftOffset": "5",
          "topOffset": "8",
          "caption": "",
          "captionOn": "",
          "iconOn": "/vis.0/Sonos/icons/play.png",
          "pushButton": false,
          "usejQueryStyle": false,
          "g_visibility": true,
          "styleActive": "hq-button-no-background",
          "styleNormal": "hq-button-no-background",
          "changeEffect": "",
          "testActive": false,
          "g_css_shadow_padding": true,
          "g_signals": false,
          "signals-cond-0": "==",
          "signals-val-0": true,
          "signals-icon-0": "/vis/signals/lowbattery.png",
          "signals-icon-size-0": 0,
          "signals-blink-0": false,
          "signals-horz-0": 0,
          "signals-vert-0": 0,
          "signals-hide-edit-0": false,
          "signals-cond-1": "==",
          "signals-val-1": true,
          "signals-icon-1": "/vis/signals/lowbattery.png",
          "signals-icon-size-1": 0,
          "signals-blink-1": false,
          "signals-horz-1": 0,
          "signals-vert-1": 0,
          "signals-hide-edit-1": false,
          "signals-cond-2": "==",
          "signals-val-2": true,
          "signals-icon-2": "/vis/signals/lowbattery.png",
          "signals-icon-size-2": 0,
          "signals-blink-2": false,
          "signals-horz-2": 0,
          "signals-vert-2": 0,
          "signals-hide-edit-2": false,
          "g_last_change": false,
          "lc-type": "last-change",
          "lc-is-interval": true,
          "lc-is-moment": false,
          "lc-format": "",
          "lc-position-vert": "top",
          "lc-position-horz": "right",
          "lc-offset-vert": 0,
          "lc-offset-horz": 0,
          "lc-font-size": "12px",
          "lc-font-family": "",
          "lc-font-style": "",
          "lc-bkg-color": "",
          "lc-color": "",
          "lc-border-width": "0",
          "lc-border-style": "",
          "lc-border-color": "",
          "lc-border-radius": 10,
          "lc-zindex": 0,
          "g_gestures": false,
          "g_ccontrol": false,
          "g_leftRight": true,
          "g_css_font_text": false,
          "g_css_border": false,
          "g_fixed": false,
          "timeAsInterval": true,
          "infoLeftFontSize": "12",
          "infoFontRightSize": "12",
          "infoLeftPaddingLeft": "15",
          "infoLeftPaddingRight": "50",
          "infoRightPaddingRight": "15",
          "descriptionLeft": "Alle Alexa-Geräte auf Pause",
          "descriptionLeftDisabled": true,
          "visibility-cond": "==",
          "visibility-val": "false",
          "visibility-groups-action": "hide",
          "visibility-oid": "sonos.0.root.10_10_10_10.state_simple"
        },
        "style": {
          "left": "15%",
          "top": "8.14%",
          "width": "66.67%",
          "height": "83.33%",
          "z-index": "50",
          "background-color": "",
          "opacity": "",
          "background": "",
          "box-shadow": ""
        },
        "widgetSet": "hqwidgets",
        "grouped": true
      },
      "g00001": {
        "tpl": "_tplGroup",
        "data": {
          "members": [
            "w00025",
            "w00024",
            "w00023"
          ],
          "visibility-cond": "==",
          "visibility-val": "",
          "visibility-groups-action": "hide",
          "attrCount": "1",
          "signals-cond-0": "==",
          "signals-val-0": true,
          "signals-icon-0": "/vis/signals/lowbattery.png",
          "signals-icon-size-0": 0,
          "signals-blink-0": false,
          "signals-horz-0": 0,
          "signals-vert-0": 0,
          "signals-hide-edit-0": false,
          "signals-cond-1": "==",
          "signals-val-1": true,
          "signals-icon-1": "/vis/signals/lowbattery.png",
          "signals-icon-size-1": 0,
          "signals-blink-1": false,
          "signals-horz-1": 0,
          "signals-vert-1": 0,
          "signals-hide-edit-1": false,
          "signals-cond-2": "==",
          "signals-val-2": true,
          "signals-icon-2": "/vis/signals/lowbattery.png",
          "signals-icon-size-2": 0,
          "signals-blink-2": false,
          "signals-horz-2": 0,
          "signals-vert-2": 0,
          "signals-hide-edit-2": false,
          "lc-type": "last-change",
          "lc-is-interval": true,
          "lc-is-moment": false,
          "lc-format": "",
          "lc-position-vert": "top",
          "lc-position-horz": "right",
          "lc-offset-vert": 0,
          "lc-offset-horz": 0,
          "lc-font-size": "12px",
          "lc-font-family": "",
          "lc-font-style": "",
          "lc-bkg-color": "",
          "lc-color": "",
          "lc-border-width": "0",
          "lc-border-style": "",
          "lc-border-color": "",
          "lc-border-radius": 10,
          "lc-zindex": 0,
          "visibility-oid": "sonos.0.root.10_10_10_10.current_album"
        },
        "style": {
          "top": "390px",
          "left": "629px",
          "width": "60px",
          "height": "48px"
        },
        "widgetSet": null
      },
      "w00029": {
        "tpl": "tplMfdSocketCtrl",
        "data": {
          "oid": "javascript.0.Sonos.10_10_10_10.customFavoriteToggleConfigVis",
          "g_fixed": true,
          "g_visibility": false,
          "g_css_font_text": false,
          "g_css_background": true,
          "g_css_shadow_padding": true,
          "g_css_border": true,
          "g_gestures": false,
          "g_signals": false,
          "g_last_change": false,
          "asButton": false,
          "lc-type": "last-change",
          "lc-is-interval": true,
          "lc-is-moment": false,
          "lc-format": "",
          "lc-position-vert": "top",
          "lc-position-horz": "right",
          "lc-offset-vert": 0,
          "lc-offset-horz": 0,
          "lc-font-size": "12px",
          "lc-font-family": "",
          "lc-font-style": "",
          "lc-bkg-color": "",
          "lc-color": "",
          "lc-border-width": "0",
          "lc-border-style": "",
          "lc-border-color": "",
          "lc-border-radius": 10,
          "lc-zindex": 0,
          "icon_off": "/vis.0/Sonos/icons/pencil_white.svg",
          "icon_on": "/vis.0/Sonos/icons/pencil_yellow.svg",
          "iconColor_off": "",
          "iconColor_on": "",
          "g_ccontrol": false,
          "visibility-cond": "==",
          "visibility-val": 1,
          "visibility-groups-action": "hide",
          "signals-cond-0": "==",
          "signals-val-0": true,
          "signals-icon-0": "/vis.0/main/lowbattery.png",
          "signals-icon-size-0": 0,
          "signals-blink-0": false,
          "signals-horz-0": 0,
          "signals-vert-0": 0,
          "signals-hide-edit-0": false,
          "signals-cond-1": "==",
          "signals-val-1": true,
          "signals-icon-1": "/vis.0/main/lowbattery.png",
          "signals-icon-size-1": 0,
          "signals-blink-1": false,
          "signals-horz-1": 0,
          "signals-vert-1": 0,
          "signals-hide-edit-1": false,
          "signals-cond-2": "==",
          "signals-val-2": true,
          "signals-icon-2": "/vis.0/main/lowbattery.png",
          "signals-icon-size-2": 0,
          "signals-blink-2": false,
          "signals-horz-2": 0,
          "signals-vert-2": 0,
          "signals-hide-edit-2": false,
          "min": "false",
          "max": "true",
          "class": "FavConfigEditBtn",
          "invert_state": false,
          "invert_icon": false
        },
        "style": {
          "left": "348px",
          "top": "535px",
          "border-width": "0px",
          "border-radius": "50%",
          "box-shadow": "",
          "background": "none",
          "width": "30px",
          "height": "30px",
          "z-index": "200"
        },
        "widgetSet": "jqui-mfd"
      }
    },
    "name": "Sonos",
    "activeWidgets": [],
    "filterList": []
  }
}